moeda,data,abertura,maxima,minima,fechamento
USD,2026-08-25,5.154699802398682,5.163599967956543,5.135583877563477,5.154300212860107
USD,2026-08-26,5.146299839019775,5.162600040435791,5.137365818023682,5.146399974822998
USD,2026-08-27,5.14769983291626,5.17549991607666,5.1376447677612305,5.14739990234375
USD,2026-08-28,5.157915115356445,5.214700222015381,5.154996871948242,5.161099910736084
USD,2026-08-31,5.190800189971924,5.199100017547607,5.156425952911377,5.191199779510498
USD,2026-09-01,5.181399822235107,5.215799808502197,5.137700080871582,5.181700229644775
USD,2026-09-02,5.152400016784668,5.166900157928467,5.10121488571167,5.152200222015381
USD,2026-09-03,5.091599941253662,5.110799789428711,5.070825099945068,5.092700004577637
USD,2026-09-04,5.101500034332275,5.1356000900268555,5.094943046569824,5.10099983215332
USD,2026-09-07,5.126100063323975,5.128200054168701,5.1183600425720215,5.126200199127197
USD,2026-09-08,5.126299858093262,5.1296000480651855,5.069602012634277,5.126699924468994
USD,2026-09-09,5.086100101470947,5.111100196838379,5.0802001953125,5.084799766540527
USD,2026-09-10,5.103499889373779,5.143199920654297,5.082657814025879,5.103400230407715
USD,2026-09-11,5.102799892425537,5.116099834442139,5.071100234985352,5.102799892425537
USD,2026-09-14,5.1143999099731445,5.179800033569336,5.1111578941345215,5.111207962036133
USD,2026-09-15,5.137899875640869,5.159299850463867,5.1203999519348145,5.138000011444092
USD,2026-09-16,5.14300012588501,5.158199787139893,5.134583950042725,5.142899990081787
USD,2026-09-17,5.151700019836426,5.172299861907959,5.1214399337768555,5.150899887084961
USD,2026-09-18,5.124000072479248,5.164599895477295,5.117824077606201,5.124100208282471
USD,2026-09-21,5.139800071716309,5.145599842071533,5.10037088394165,5.140699863433838
USD,2026-09-22,5.110599994659424,5.133600234985352,5.101367950439453,5.110400199890137
USD,2026-09-23,5.100299835205078,5.1528000831604,5.093455791473389,5.099899768829346
USD,2026-09-24,5.16540002822876,5.19920015335083,5.156613826751709,5.164299964904785
USD,2026-09-25,5.190400123596191,5.212200164794922,5.172004222869873,5.190499782562256
USD,2026-09-28,5.1822428703308105,5.2256999015808105,5.173365116119385,5.1875
USD,2026-09-29,5.222799777984619,5.237100124359131,5.196599960327148,5.222899913787842
USD,2026-09-30,5.202899932861328,5.21019983291626,5.163899898529053,5.202899932861328
USD,2026-10-01,5.174013137817383,5.2342000007629395,5.170199871063232,5.179100036621094
USD,2026-10-02,5.222300052642822,5.237100124359131,5.199740886688232,5.222599983215332
USD,2026-10-05,5.222300052642822,5.227700233459473,4.934199810028076,5.000899791717529
